<resources>
    <string name="app_name">View&amp;ViewGroup</string>
    <string name="context_text">Tulip adalah bunga dengan aneka warna-warni, meliputi merah, putih, ungu, jingga, kuning dan sebagainya. Saya mengoleksi tumbuhan cantik ini, jika anda berminat silahkan hubungi kami. Terimakasih</string>
    <string name="tulip">Tulip</string>
    <string name="Plantae">Plantae, Angiospermae, Monokotil</string>
    <string name="liliales">Liliales</string>
    <string name="warna">Warna</string>
    <string name="_20_rb">Rp.20.000</string>
    <string name="kucing_persia">Kucing Persia</string>
    <string name="deskripsi">Deskripsi</string>
    <string name="Nama_Bunga">Nama Bunga</string>
    <string name="kerajaan">Kerajaan</string>
    <string name="ordo">Ordo</string>
    <string name="warna_variasi">merah, putih, ungu, jingga, kuning, dll.</string>
    <string name="pemilik">Pemilik</string>
    <string name="silvia_rukmana">Silvia Rukmana</string>
    <string name="chat">Chat</string>
</resources>